event_id,crossing_id,timestamp,congestion_level,traffic_delay_seconds,current_speed_kmph,free_flow_speed_kmph,road_name
TRAFFIC-001,LC-103,2026-09-01 21:02:05,High,127,19.38,50,Railway Crossing Road
TRAFFIC-002,LC-105,2026-09-01 20:57:24,High,117,12.35,60,Railway Crossing Road
TRAFFIC-003,LC-102,2026-09-01 20:44:39,Low,14,45.27,50,Market Road
TRAFFIC-004,LC-101,2026-09-01 21:22:50,Moderate,34,27.54,40,Railway Crossing Road
TRAFFIC-005,LC-105,2026-09-01 21:00:50,Moderate,82,21.42,60,Market Road
TRAFFIC-006,LC-103,2026-09-01 20:55:37,Low,24,44.41,50,Market Road
TRAFFIC-007,LC-104,2026-09-01 21:21:41,Low,26,36.79,40,Industrial Road
TRAFFIC-008,LC-101,2026-09-01 20:36:08,Low,20,32.01,40,Market Road
TRAFFIC-009,LC-104,2026-09-01 21:17:59,High,179,13.48,60,Station Road
TRAFFIC-010,LC-101,2026-09-01 20:36:10,Severe,289,8.82,40,Industrial Road
TRAFFIC-011,LC-105,2026-09-01 20:28:53,Moderate,51,29.76,50,Railway Crossing Road
TRAFFIC-012,LC-103,2026-09-01 20:49:22,Moderate,79,24.59,60,Industrial Road
TRAFFIC-013,LC-101,2026-09-01 21:13:56,Low,11,30.81,50,Railway Crossing Road
TRAFFIC-014,LC-102,2026-09-01 21:12:03,High,174,16.46,50,Industrial Road
TRAFFIC-015,LC-102,2026-09-01 20:40:13,Moderate,57,20.24,50,Railway Crossing Road
TRAFFIC-016,LC-101,2026-09-01 20:34:56,High,141,19.52,40,Market Road
TRAFFIC-017,LC-101,2026-09-01 20:50:38,Moderate,66,28.06,40,Station Road
TRAFFIC-018,LC-102,2026-09-01 20:57:26,Moderate,48,23.14,50,Industrial Road
TRAFFIC-019,LC-104,2026-09-01 20:50:51,Severe,287,6.4,50,Market Road
TRAFFIC-020,LC-104,2026-09-01 21:19:06,Low,4,30.28,60,Railway Crossing Road
TRAFFIC-021,LC-104,2026-09-01 20:36:13,Severe,192,7.59,60,Market Road
TRAFFIC-022,LC-101,2026-09-01 21:12:31,Low,20,35.69,50,Industrial Road
TRAFFIC-023,LC-104,2026-09-01 20:26:03,High,135,19.18,60,Industrial Road
TRAFFIC-024,LC-102,2026-09-01 20:52:21,Low,12,33.85,40,Main Road
TRAFFIC-025,LC-103,2026-09-01 20:31:40,Low,15,30.7,40,Railway Crossing Road
TRAFFIC-026,LC-101,2026-09-01 21:22:53,Severe,258,4.49,50,Market Road
TRAFFIC-027,LC-101,2026-09-01 21:13:52,Low,19,58.13,60,Station Road
TRAFFIC-028,LC-105,2026-09-01 20:34:07,Moderate,78,25.93,60,Main Road
TRAFFIC-029,LC-101,2026-09-01 20:49:21,Low,29,48.77,60,Industrial Road
TRAFFIC-030,LC-103,2026-09-01 20:29:23,High,177,16.9,60,Market Road
TRAFFIC-031,LC-102,2026-09-01 21:17:48,Moderate,69,22.24,60,Railway Crossing Road
TRAFFIC-032,LC-101,2026-09-01 21:04:27,Moderate,72,21.46,50,Industrial Road
TRAFFIC-033,LC-103,2026-09-01 20:38:07,Moderate,31,27.94,60,Market Road
TRAFFIC-034,LC-104,2026-09-01 20:56:52,High,171,12.43,60,Market Road
TRAFFIC-035,LC-102,2026-09-01 21:10:23,Moderate,67,29.32,40,Railway Crossing Road
TRAFFIC-036,LC-102,2026-09-01 20:56:24,Low,13,31.98,40,Industrial Road
TRAFFIC-037,LC-103,2026-09-01 20:56:57,Moderate,84,27.25,60,Railway Crossing Road
TRAFFIC-038,LC-104,2026-09-01 20:44:02,High,171,12.55,60,Railway Crossing Road
TRAFFIC-039,LC-102,2026-09-01 20:45:31,Moderate,36,26.51,40,Industrial Road
TRAFFIC-040,LC-101,2026-09-01 20:28:27,Low,10,30.0,40,Station Road
TRAFFIC-041,LC-101,2026-09-01 20:26:21,Low,14,35.48,40,Station Road
TRAFFIC-042,LC-105,2026-09-01 21:16:09,Low,1,41.14,50,Market Road
TRAFFIC-043,LC-101,2026-09-01 21:05:02,High,113,10.49,40,Railway Crossing Road
TRAFFIC-044,LC-102,2026-09-01 21:24:42,Severe,210,3.02,40,Market Road
TRAFFIC-045,LC-104,2026-09-01 20:34:11,High,128,18.28,40,Market Road
TRAFFIC-046,LC-103,2026-09-01 20:58:19,Moderate,69,25.52,60,Main Road
TRAFFIC-047,LC-102,2026-09-01 21:02:27,Moderate,39,22.38,40,Station Road
TRAFFIC-048,LC-104,2026-09-01 21:22:54,Low,7,41.74,50,Industrial Road
TRAFFIC-049,LC-105,2026-09-01 21:21:59,Moderate,69,20.1,60,Station Road
TRAFFIC-050,LC-103,2026-09-01 20:46:10,Severe,288,8.6,60,Market Road
TRAFFIC-051,LC-104,2026-09-01 21:24:59,Low,20,44.76,50,Railway Crossing Road
TRAFFIC-052,LC-104,2026-09-01 20:49:03,Severe,226,5.33,60,Station Road
TRAFFIC-053,LC-103,2026-09-01 21:23:29,Severe,186,3.7,50,Station Road
TRAFFIC-054,LC-101,2026-09-01 20:52:39,Severe,275,9.01,50,Market Road
TRAFFIC-055,LC-105,2026-09-01 21:08:05,Severe,187,9.26,50,Industrial Road
TRAFFIC-056,LC-103,2026-09-01 20:36:23,Severe,195,5.5,50,Market Road
TRAFFIC-057,LC-102,2026-09-01 21:24:18,Moderate,49,23.54,40,Industrial Road
TRAFFIC-058,LC-105,2026-09-01 20:32:21,Low,14,33.59,40,Main Road
TRAFFIC-059,LC-101,2026-09-01 21:06:53,High,127,16.36,60,Station Road
TRAFFIC-060,LC-103,2026-09-01 21:13:48,Severe,197,3.99,40,Main Road
TRAFFIC-061,LC-103,2026-09-01 21:05:18,Moderate,54,29.45,50,Railway Crossing Road
TRAFFIC-062,LC-101,2026-09-01 20:54:26,Severe,210,7.8,40,Market Road
TRAFFIC-063,LC-102,2026-09-01 20:36:08,Moderate,86,24.16,50,Industrial Road
TRAFFIC-064,LC-103,2026-09-01 21:14:06,High,144,15.77,50,Main Road
TRAFFIC-065,LC-105,2026-09-01 20:42:40,High,107,17.0,60,Industrial Road
TRAFFIC-066,LC-103,2026-09-01 21:09:12,High,126,10.66,60,Station Road
TRAFFIC-067,LC-103,2026-09-01 21:20:22,Moderate,58,29.57,60,Railway Crossing Road
TRAFFIC-068,LC-101,2026-09-01 20:46:06,Low,17,31.25,50,Market Road
TRAFFIC-069,LC-102,2026-09-01 20:35:42,Low,5,42.81,50,Station Road
TRAFFIC-070,LC-102,2026-09-01 21:24:35,Severe,251,7.41,40,Industrial Road
TRAFFIC-071,LC-103,2026-09-01 20:58:27,High,180,19.94,60,Station Road
TRAFFIC-072,LC-103,2026-09-01 20:43:09,High,133,14.18,40,Station Road
TRAFFIC-073,LC-101,2026-09-01 20:50:15,Moderate,73,28.4,40,Main Road
TRAFFIC-074,LC-104,2026-09-01 20:33:03,Low,27,43.08,60,Industrial Road
TRAFFIC-075,LC-103,2026-09-01 21:04:27,Severe,286,3.85,50,Railway Crossing Road
TRAFFIC-076,LC-105,2026-09-01 21:01:34,High,167,11.04,60,Station Road
TRAFFIC-077,LC-104,2026-09-01 21:08:39,Low,15,38.11,50,Industrial Road
TRAFFIC-078,LC-105,2026-09-01 20:40:55,Low,1,33.16,40,Station Road
TRAFFIC-079,LC-103,2026-09-01 20:41:16,Severe,277,2.49,40,Railway Crossing Road
TRAFFIC-080,LC-104,2026-09-01 20:50:52,Moderate,42,22.93,50,Main Road
TRAFFIC-081,LC-105,2026-09-01 21:02:37,Moderate,71,21.61,40,Railway Crossing Road
TRAFFIC-082,LC-101,2026-09-01 20:52:58,Moderate,51,27.17,60,Market Road
TRAFFIC-083,LC-105,2026-09-01 21:04:05,Low,9,34.13,50,Railway Crossing Road
TRAFFIC-084,LC-101,2026-09-01 20:30:10,High,121,12.48,50,Market Road
TRAFFIC-085,LC-104,2026-09-01 21:02:24,Low,16,40.48,50,Industrial Road
TRAFFIC-086,LC-105,2026-09-01 20:38:56,Low,4,36.57,40,Industrial Road
TRAFFIC-087,LC-102,2026-09-01 21:05:44,Moderate,41,26.43,40,Station Road
TRAFFIC-088,LC-105,2026-09-01 20:43:41,Moderate,66,23.12,50,Railway Crossing Road
TRAFFIC-089,LC-104,2026-09-01 21:05:52,Low,3,39.14,60,Railway Crossing Road
TRAFFIC-090,LC-103,2026-09-01 20:37:19,High,120,16.56,40,Station Road
TRAFFIC-091,LC-102,2026-09-01 20:55:17,Low,7,40.72,50,Market Road
TRAFFIC-092,LC-103,2026-09-01 21:07:59,Severe,209,7.16,40,Main Road
TRAFFIC-093,LC-102,2026-09-01 21:19:59,High,166,19.15,40,Industrial Road
TRAFFIC-094,LC-102,2026-09-01 20:37:53,High,152,12.27,60,Railway Crossing Road
TRAFFIC-095,LC-104,2026-09-01 21:08:00,Moderate,84,21.43,60,Station Road
TRAFFIC-096,LC-104,2026-09-01 21:13:28,Severe,189,7.71,40,Market Road
TRAFFIC-097,LC-101,2026-09-01 21:12:50,Moderate,33,29.7,40,Main Road
TRAFFIC-098,LC-105,2026-09-01 20:30:00,Low,1,32.97,40,Railway Crossing Road
TRAFFIC-099,LC-103,2026-09-01 20:26:37,Moderate,63,20.58,50,Railway Crossing Road
TRAFFIC-100,LC-104,2026-09-01 21:12:24,Low,25,44.43,60,Station Road
